what,kind,bundleId,bundleVersion,description,time
<<<<<<< HEAD
activated,perspective,org.eclipse.jst.j2ee.ui,,"org.eclipse.jst.j2ee.J2EEPerspective",1360694721447
started,bundle,org.eclipse.osgi,3.7.2.v20120110-1415,"org.eclipse.osgi",1360694721449
started,bundle,org.eclipse.equinox.simpleconfigurator,1.0.200.v20110815-1438,"org.eclipse.equinox.simpleconfigurator",1360694721450
started,bundle,com.ibm.icu,4.4.2.v20110823,"com.ibm.icu",1360694721451
started,bundle,org.eclipse.compare,3.5.202.R37x_v20111109-0800,"org.eclipse.compare",1360694721452
started,bundle,org.eclipse.compare.core,3.5.200.I20110208-0800,"org.eclipse.compare.core",1360694721452
started,bundle,org.eclipse.core.contenttype,3.4.100.v20110423-0524,"org.eclipse.core.contenttype",1360694721453
started,bundle,org.eclipse.core.databinding.observable,1.4.0.I20110222-0800,"org.eclipse.core.databinding.observable",1360694721454
started,bundle,org.eclipse.core.expressions,3.4.300.v20110228,"org.eclipse.core.expressions",1360694721455
started,bundle,org.eclipse.core.filebuffers,3.5.200.v20110928-1504,"org.eclipse.core.filebuffers",1360694721455
started,bundle,org.eclipse.core.filesystem,1.3.100.v20110423-0524,"org.eclipse.core.filesystem",1360694721457
started,bundle,org.eclipse.core.jobs,3.5.101.v20120113-1953,"org.eclipse.core.jobs",1360694721458
started,bundle,org.eclipse.core.net,1.2.100.I20110511-0800,"org.eclipse.core.net",1360694721459
started,bundle,org.eclipse.core.resources,3.7.101.v20120125-1505,"org.eclipse.core.resources",1360694721459
started,bundle,org.eclipse.core.runtime,3.7.0.v20110110,"org.eclipse.core.runtime",1360694721460
started,bundle,org.eclipse.core.runtime.compatibility,3.2.100.v20100505,"org.eclipse.core.runtime.compatibility",1360694721461
started,bundle,org.eclipse.core.runtime.compatibility.auth,3.2.200.v20110110,"org.eclipse.core.runtime.compatibility.auth",1360694721461
started,bundle,org.eclipse.emf.common,2.7.0.v20120127-1122,"org.eclipse.emf.common",1360694721461
started,bundle,org.eclipse.emf.common.ui,2.7.0.v20120130-0943,"org.eclipse.emf.common.ui",1360694721461
started,bundle,org.eclipse.emf.ecore,2.7.0.v20120127-1122,"org.eclipse.emf.ecore",1360694721461
started,bundle,org.eclipse.emf.ecore.xmi,2.7.0.v20120127-1122,"org.eclipse.emf.ecore.xmi",1360694721462
started,bundle,org.eclipse.emf.edit,2.7.2.v20120130-0943,"org.eclipse.emf.edit",1360694721462
started,bundle,org.eclipse.emf.edit.ui,2.7.0.v20120130-0943,"org.eclipse.emf.edit.ui",1360694721462
started,bundle,org.eclipse.epp.mpc.ui,1.1.1.I20110907-0947,"org.eclipse.epp.mpc.ui",1360694721462
started,bundle,org.eclipse.epp.usagedata.gathering,1.3.1.R201106061540,"org.eclipse.epp.usagedata.gathering",1360694721463
started,bundle,org.eclipse.epp.usagedata.recording,1.3.1.R201106061540,"org.eclipse.epp.usagedata.recording",1360694721464
started,bundle,org.eclipse.equinox.app,1.3.100.v20110321,"org.eclipse.equinox.app",1360694721464
started,bundle,org.eclipse.equinox.common,3.6.0.v20110523,"org.eclipse.equinox.common",1360694721465
started,bundle,org.eclipse.equinox.ds,1.3.1.R37x_v20110701,"org.eclipse.equinox.ds",1360694721465
started,bundle,org.eclipse.equinox.event,1.2.100.v20110502,"org.eclipse.equinox.event",1360694721466
started,bundle,org.eclipse.equinox.p2.core,2.1.1.v20120113-1346,"org.eclipse.equinox.p2.core",1360694721467
started,bundle,org.eclipse.equinox.p2.directorywatcher,1.0.300.v20110815-1419,"org.eclipse.equinox.p2.directorywatcher",1360694721468
started,bundle,org.eclipse.equinox.p2.engine,2.1.1.R37x_v20111003,"org.eclipse.equinox.p2.engine",1360694721469
started,bundle,org.eclipse.equinox.p2.metadata,2.1.0.v20110815-1419,"org.eclipse.equinox.p2.metadata",1360694721470
started,bundle,org.eclipse.equinox.p2.metadata.repository,1.2.0.v20110815-1419,"org.eclipse.equinox.p2.metadata.repository",1360694721471
started,bundle,org.eclipse.equinox.p2.operations,2.1.1.R37x_v20111111,"org.eclipse.equinox.p2.operations",1360694721472
started,bundle,org.eclipse.equinox.p2.reconciler.dropins,1.1.100.v20110815-1419,"org.eclipse.equinox.p2.reconciler.dropins",1360694721473
started,bundle,org.eclipse.equinox.p2.repository,2.1.1.v20120113-1346,"org.eclipse.equinox.p2.repository",1360694721474
started,bundle,org.eclipse.equinox.p2.ui.sdk.scheduler,1.0.100.v20110815-1419,"org.eclipse.equinox.p2.ui.sdk.scheduler",1360694721475
started,bundle,org.eclipse.equinox.p2.updatechecker,1.1.200.v20110815-1419,"org.eclipse.equinox.p2.updatechecker",1360694721476
started,bundle,org.eclipse.equinox.preferences,3.4.2.v20120111-2020,"org.eclipse.equinox.preferences",1360694721477
started,bundle,org.eclipse.equinox.registry,3.5.101.R37x_v20110810-1611,"org.eclipse.equinox.registry",1360694721478
started,bundle,org.eclipse.equinox.security,1.1.1.R37x_v20110822-1018,"org.eclipse.equinox.security",1360694721516
started,bundle,org.eclipse.equinox.util,1.0.300.v20110502,"org.eclipse.equinox.util",1360694721517
started,bundle,org.eclipse.help,3.5.100.v20110426,"org.eclipse.help",1360694721518
started,bundle,org.eclipse.jdt.core,3.7.3.v20120119-1537,"org.eclipse.jdt.core",1360694721519
started,bundle,org.eclipse.jdt.core.manipulation,1.4.0.v20110928-1453,"org.eclipse.jdt.core.manipulation",1360694721520
started,bundle,org.eclipse.jdt.ui,3.7.2.v20120109-1427,"org.eclipse.jdt.ui",1360694721556
started,bundle,org.eclipse.jem.util,2.1.100.v201103021400,"org.eclipse.jem.util",1360694721557
started,bundle,org.eclipse.jface,3.7.0.v20110928-1505,"org.eclipse.jface",1360694721558
started,bundle,org.eclipse.jsch.core,1.1.300.I20110514-0800,"org.eclipse.jsch.core",1360694721558
started,bundle,org.eclipse.jst.j2ee.ui,1.1.503.v201201190400,"org.eclipse.jst.j2ee.ui",1360694721583
started,bundle,org.eclipse.jst.j2ee.webservice,1.1.400.v201004110600,"org.eclipse.jst.j2ee.webservice",1360694721585
started,bundle,org.eclipse.jst.j2ee.webservice.ui,1.1.500.v201105122000,"org.eclipse.jst.j2ee.webservice.ui",1360694721586
started,bundle,org.eclipse.jst.ws.jaxws.utils,1.0.100.v201201031437,"org.eclipse.jst.ws.jaxws.utils",1360694721586
started,bundle,org.eclipse.search,3.7.0.v20110928-1504,"org.eclipse.search",1360694721589
started,bundle,org.eclipse.team.core,3.6.0.I20110525-0800,"org.eclipse.team.core",1360694721589
started,bundle,org.eclipse.team.cvs.core,3.3.400.I20110510-0800,"org.eclipse.team.cvs.core",1360694721590
started,bundle,org.eclipse.team.cvs.ui,3.3.401.v20120126-1227,"org.eclipse.team.cvs.ui",1360694721605
started,bundle,org.eclipse.team.ui,3.6.101.R37x_v20111109-0800,"org.eclipse.team.ui",1360694721605
started,bundle,org.eclipse.ui,3.7.0.v20110928-1505,"org.eclipse.ui",1360694721607
started,bundle,org.eclipse.ui.console,3.5.100.v20111007_r372,"org.eclipse.ui.console",1360694721608
started,bundle,org.eclipse.ui.editors,3.7.0.v20110928-1504,"org.eclipse.ui.editors",1360694721609
started,bundle,org.eclipse.ui.forms,3.5.101.v20111011-1919,"org.eclipse.ui.forms",1360694721610
started,bundle,org.eclipse.ui.ide,3.7.0.v20110928-1505,"org.eclipse.ui.ide",1360694721632
started,bundle,org.eclipse.ui.intro,3.4.100.v20110425,"org.eclipse.ui.intro",1360694721633
started,bundle,org.eclipse.ui.intro.universal,3.2.500.v20110510,"org.eclipse.ui.intro.universal",1360694721633
started,bundle,org.eclipse.ui.navigator,3.5.101.v20120106-1355,"org.eclipse.ui.navigator",1360694721633
started,bundle,org.eclipse.ui.navigator.resources,3.4.300.v20110928-1505,"org.eclipse.ui.navigator.resources",1360694721634
started,bundle,org.eclipse.ui.net,1.2.100.v20111208-1155,"org.eclipse.ui.net",1360694721635
started,bundle,org.eclipse.ui.views,3.6.0.v20110928-1505,"org.eclipse.ui.views",1360694721636
started,bundle,org.eclipse.ui.workbench,3.7.1.v20120104-1859,"org.eclipse.ui.workbench",1360694721636
started,bundle,org.eclipse.ui.workbench.texteditor,3.7.0.v20110928-1504,"org.eclipse.ui.workbench.texteditor",1360694721638
started,bundle,org.eclipse.update.configurator,3.3.100.v20100512,"org.eclipse.update.configurator",1360694721639
started,bundle,org.eclipse.update.core,3.2.500.v20110330,"org.eclipse.update.core",1360694721667
started,bundle,org.eclipse.update.scheduler,3.2.300.v20100512,"org.eclipse.update.scheduler",1360694721667
started,bundle,org.eclipse.wst.common.emf,1.2.100.v201101101900,"org.eclipse.wst.common.emf",1360694721668
started,bundle,org.eclipse.wst.common.emfworkbench.integration,1.2.101.v201107140600,"org.eclipse.wst.common.emfworkbench.integration",1360694721669
started,bundle,org.eclipse.wst.common.frameworks,1.2.102.v201201190400,"org.eclipse.wst.common.frameworks",1360694721671
started,bundle,org.eclipse.wst.common.project.facet.core,1.4.201.v201201101553,"org.eclipse.wst.common.project.facet.core",1360694721671
started,bundle,org.eclipse.wst.web,1.1.501.v201201190400,"org.eclipse.wst.web",1360694721672
started,bundle,com.collabnet.subversion.merge,3.0.8,"com.collabnet.subversion.merge",1360694721672
started,bundle,org.eclipse.mylyn.bugzilla.core,3.7.1.v20120425-0100,"org.eclipse.mylyn.bugzilla.core",1360694721673
started,bundle,org.eclipse.mylyn.bugzilla.ui,3.7.1.v20120425-0100,"org.eclipse.mylyn.bugzilla.ui",1360694721674
started,bundle,org.eclipse.mylyn.commons.core,3.7.1.v20120425-0100,"org.eclipse.mylyn.commons.core",1360694721674
started,bundle,org.eclipse.mylyn.commons.net,3.7.1.v20120425-0100,"org.eclipse.mylyn.commons.net",1360694721674
started,bundle,org.eclipse.mylyn.commons.notifications.core,0.9.1.v20120425-0100,"org.eclipse.mylyn.commons.notifications.core",1360694721676
started,bundle,org.eclipse.mylyn.commons.notifications.feed,0.9.1.v20120425-0100,"org.eclipse.mylyn.commons.notifications.feed",1360694721678
started,bundle,org.eclipse.mylyn.commons.ui,3.7.1.v20120425-0100,"org.eclipse.mylyn.commons.ui",1360694721679
started,bundle,org.eclipse.mylyn.commons.workbench,3.7.1.v20120425-0100,"org.eclipse.mylyn.commons.workbench",1360694721680
started,bundle,org.eclipse.mylyn.context.core,3.7.1.v20120425-0100,"org.eclipse.mylyn.context.core",1360694721680
started,bundle,org.eclipse.mylyn.context.tasks.ui,3.7.1.v20120425-0100,"org.eclipse.mylyn.context.tasks.ui",1360694721681
started,bundle,org.eclipse.mylyn.monitor.ui,3.7.1.v20120425-0100,"org.eclipse.mylyn.monitor.ui",1360694721681
started,bundle,org.eclipse.mylyn.tasks.ui,3.7.1.v20120425-0100,"org.eclipse.mylyn.tasks.ui",1360694721699
started,bundle,org.eclipse.mylyn.team.ui,3.7.1.v20120425-0100,"org.eclipse.mylyn.team.ui",1360694721700
started,bundle,org.tigris.subversion.clientadapter,1.8.2,"org.tigris.subversion.clientadapter",1360694721700
started,bundle,org.tigris.subversion.subclipse.core,1.8.10,"org.tigris.subversion.subclipse.core",1360694721700
started,bundle,org.tigris.subversion.subclipse.mylyn,3.0.0,"org.tigris.subversion.subclipse.mylyn",1360694721700
started,bundle,org.tigris.subversion.subclipse.tools.usage,1.1.0,"org.tigris.subversion.subclipse.tools.usage",1360694721700
started,bundle,org.tigris.subversion.subclipse.ui,1.8.10,"org.tigris.subversion.subclipse.ui",1360694721717
os,sysinfo,,,"win32",1360694721722
arch,sysinfo,,,"x86",1360694721722
ws,sysinfo,,,"win32",1360694721722
locale,sysinfo,,,"fr_FR",1360694721722
processors,sysinfo,,,"2",1360694721723
java.runtime.name,sysinfo,,,"Java(TM) SE Runtime Environment",1360694721723
java.runtime.version,sysinfo,,,"1.7.0_09-b05",1360694721723
java.specification.name,sysinfo,,,"Java Platform API Specification",1360694721723
java.specification.vendor,sysinfo,,,"Oracle Corporation",1360694721723
java.specification.version,sysinfo,,,"1.7",1360694721723
java.vendor,sysinfo,,,"Oracle Corporation",1360694721723
java.version,sysinfo,,,"1.7.0_09",1360694721723
java.vm.info,sysinfo,,,"mixed mode, sharing",1360694721723
java.vm.name,sysinfo,,,"Java HotSpot(TM) Client VM",1360694721723
java.vm.specification.name,sysinfo,,,"Java Virtual Machine Specification",1360694721723
java.vm.specification.vendor,sysinfo,,,"Oracle Corporation",1360694721723
java.vm.specification.version,sysinfo,,,"1.7",1360694721723
java.vm.vendor,sysinfo,,,"Oracle Corporation",1360694721723
java.vm.version,sysinfo,,,"23.5-b02",1360694721723
activated,workbench,org.eclipse.ui.workbench,3.7.1.v20120104-1859,"",1360694724427
activated,view,org.eclipse.ui.navigator.resources,3.4.300.v20110928-1505,"org.eclipse.ui.navigator.ProjectExplorer",1360694726257
activated,view,org.eclipse.ui.navigator.resources,3.4.300.v20110928-1505,"org.eclipse.ui.navigator.ProjectExplorer",1360694726280
closed,view,org.eclipse.ui,3.7.0.v20110928-1505,"org.eclipse.ui.internal.introview",1360694726422
deactivated,workbench,org.eclipse.ui.workbench,3.7.1.v20120104-1859,"",1360694730021
started,bundle,org.eclipse.wst.common.frameworks.ui,1.2.100.v201105122000,"org.eclipse.wst.common.frameworks.ui",1360694734078
started,bundle,org.eclipse.jst.servlet.ui,1.1.502.v201202011054,"org.eclipse.jst.servlet.ui",1360694734082
started,bundle,org.eclipse.wst.common.environment,1.0.400.v200912181832,"org.eclipse.wst.common.environment",1360694734114
started,bundle,org.eclipse.wst.common.core,1.2.0.v200908252030,"org.eclipse.wst.common.core",1360694734206
started,bundle,org.eclipse.wst.common.modulecore,1.2.103.v201201190400,"org.eclipse.wst.common.modulecore",1360694734211
started,bundle,org.eclipse.jst.j2ee.core,1.2.102.v201202090300,"org.eclipse.jst.j2ee.core",1360694734217
started,bundle,org.eclipse.jem,2.0.501.v201111030500,"org.eclipse.jem",1360694734233
started,bundle,org.eclipse.wst.xml.core,1.1.602.v201201091944,"org.eclipse.wst.xml.core",1360694734262
started,bundle,org.eclipse.wst.validation,1.2.303.v201202090300,"org.eclipse.wst.validation",1360694734275
started,bundle,org.eclipse.jst.j2ee,1.1.503.v201202090300,"org.eclipse.jst.j2ee",1360694734302
started,bundle,org.eclipse.jst.j2ee.web,1.1.502.v201202090300,"org.eclipse.jst.j2ee.web",1360694734354
started,bundle,org.eclipse.jst.common.project.facet.core,1.4.200.v201103170302,"org.eclipse.jst.common.project.facet.core",1360694734433
started,bundle,org.eclipse.jst.ws.jaxrs.core,1.0.301.v201108240656,"org.eclipse.jst.ws.jaxrs.core",1360694734438
started,bundle,org.eclipse.wst.server.core,1.1.304.v20120208_1420,"org.eclipse.wst.server.core",1360694734495
started,bundle,org.eclipse.wst.server.ui,1.3.0.v20120210_1439,"org.eclipse.wst.server.ui",1360694734533
started,bundle,org.eclipse.debug.core,3.7.1.v20111129-2031,"org.eclipse.debug.core",1360694734578
started,bundle,org.eclipse.jdt.launching,3.6.1.v20111006_r372,"org.eclipse.jdt.launching",1360694734602
started,bundle,org.eclipse.jst.common.frameworks,1.1.501.v201201190400,"org.eclipse.jst.common.frameworks",1360694735394
started,bundle,org.eclipse.wst.web.ui,1.1.500.v201111030500,"org.eclipse.wst.web.ui",1360694735625
started,bundle,org.eclipse.jst.server.core,1.2.202.v20110419,"org.eclipse.jst.server.core",1360694759008
started,bundle,org.eclipse.jst.server.tomcat.core,1.1.301.v20111010_1242,"org.eclipse.jst.server.tomcat.core",1360694759013
started,bundle,org.eclipse.jst.server.tomcat.ui,1.1.200.v20100418,"org.eclipse.jst.server.tomcat.ui",1360694759038
started,bundle,org.eclipse.pde.core,3.7.1.v20120103_r372,"org.eclipse.pde.core",1360694781687
started,bundle,org.eclipse.wst.jsdt.core,1.1.102.v201111090634,"org.eclipse.wst.jsdt.core",1360694781838
started,bundle,org.tigris.subversion.clientadapter.javahl,1.7.5,"org.tigris.subversion.clientadapter.javahl",1360694782036
started,bundle,org.eclipse.jst.jee.ui,1.0.401.v201202011107,"org.eclipse.jst.jee.ui",1360694782048
started,bundle,org.eclipse.jst.j2ee.navigator.ui,1.1.501.v201107261503,"org.eclipse.jst.j2ee.navigator.ui",1360694782075
opened,view,org.eclipse.wst.server.ui,1.3.0.v20120210_1439,"org.eclipse.wst.server.ui.ServersView",1360694784391
started,bundle,org.eclipse.equinox.p2.garbagecollector,1.0.200.v20110815-1419,"org.eclipse.equinox.p2.garbagecollector",1360694784454
started,bundle,org.eclipse.jpt.common.core,1.0.2.v201111103010,"org.eclipse.jpt.common.core",1360694789128
started,bundle,org.eclipse.jpt.jpa.core,3.0.2.v201201243020,"org.eclipse.jpt.jpa.core",1360694789129
started,bundle,org.eclipse.jst.jsf.common,1.2.3.v201104061039,"org.eclipse.jst.jsf.common",1360694789168
started,bundle,org.eclipse.jst.jsf.core,1.3.105.v201108261005,"org.eclipse.jst.jsf.core",1360694789170
started,bundle,org.eclipse.jem.workbench,2.0.400.v201104251400,"org.eclipse.jem.workbench",1360694789507
started,bundle,org.eclipse.wst.sse.core,1.1.602.v201112071516,"org.eclipse.wst.sse.core",1360694789939
started,bundle,org.eclipse.jst.jee,1.0.402.v201202021530,"org.eclipse.jst.jee",1360694790546
started,bundle,org.eclipse.wst.common.uriresolver,1.1.401.v201004280700,"org.eclipse.wst.common.uriresolver",1360694790882
started,bundle,org.eclipse.wst.xsl.core,1.1.100.v201102270516,"org.eclipse.wst.xsl.core",1360694791043
started,bundle,org.eclipse.wst.xsl.exslt.core,1.0.0.v201005240426,"org.eclipse.wst.xsl.exslt.core",1360694791099
started,bundle,org.eclipse.wst.dtd.core,1.1.501.v201107252021,"org.eclipse.wst.dtd.core",1360694791906
started,bundle,org.eclipse.wst.internet.cache,1.0.400.v201004280700,"org.eclipse.wst.internet.cache",1360694792002
started,bundle,org.eclipse.wst.xsd.core,1.1.600.v201104070312,"org.eclipse.wst.xsd.core",1360694792075
started,bundle,org.eclipse.xsd,2.7.1.v20120130-0943,"org.eclipse.xsd",1360694792116
started,bundle,org.eclipse.jst.jsp.core,1.2.402.v201112071853,"org.eclipse.jst.jsp.core",1360694795042
activated,workbench,org.eclipse.ui.workbench,3.7.1.v20120104-1859,"",1360694796664
executed,command,org.eclipse.ui,3.7.0.v20110928-1505,"org.eclipse.ui.file.import",1360694796683
started,bundle,org.eclipse.wst.common.ui,1.1.500.v200911190730,"org.eclipse.wst.common.ui",1360694798932
started,bundle,org.eclipse.wst.css.core,1.1.501.v201111292150,"org.eclipse.wst.css.core",1360694801274
started,bundle,org.eclipse.wst.jsdt.manipulation,1.0.300.v201104272153,"org.eclipse.wst.jsdt.manipulation",1360694802125
started,bundle,org.eclipse.wst.jsdt.ui,1.1.102.v201201131900,"org.eclipse.wst.jsdt.ui",1360694802127
started,bundle,org.eclipse.wst.html.core,1.1.502.v201202091936,"org.eclipse.wst.html.core",1360694803901
started,bundle,org.eclipse.jst.ws.jaxws.dom.integration,1.0.101.v201201031437,"org.eclipse.jst.ws.jaxws.dom.integration",1360694804565
started,bundle,org.eclipse.jst.ws.jaxws.dom.ui,1.0.0.v201004171919,"org.eclipse.jst.ws.jaxws.dom.ui",1360694804960
started,bundle,org.eclipse.jdt.apt.core,3.3.500.v20110420-1015,"org.eclipse.jdt.apt.core",1360694806953
started,bundle,org.eclipse.jdt.apt.pluggable.core,1.0.400.v20110305-1450,"org.eclipse.jdt.apt.pluggable.core",1360694806973
started,bundle,org.eclipse.wst.sse.ui,1.3.2.v201201041522,"org.eclipse.wst.sse.ui",1360694813046
started,bundle,org.eclipse.wst.html.ui,1.0.602.v201202091936,"org.eclipse.wst.html.ui",1360694813048
started,bundle,org.eclipse.wst.wsdl.validation,1.1.502.v201104071820,"org.eclipse.wst.wsdl.validation",1360694813117
activated,view,org.eclipse.wst.server.ui,1.3.0.v20120210_1439,"org.eclipse.wst.server.ui.ServersView",1360694813992
started,bundle,org.eclipse.datatools.connectivity,1.2.4.v201202041105,"org.eclipse.datatools.connectivity",1360694818501
started,bundle,org.eclipse.datatools.connectivity.ui,1.2.2.v201111190813,"org.eclipse.datatools.connectivity.ui",1360694818549
started,bundle,org.eclipse.datatools.connectivity.ui.dse,1.1.4.v201107221459,"org.eclipse.datatools.connectivity.ui.dse",1360694818550
started,bundle,org.eclipse.datatools.enablement.ingres.ui,1.0.0.v201105270214,"org.eclipse.datatools.enablement.ingres.ui",1360694818680
started,bundle,org.eclipse.datatools.connectivity.sqm.core,1.2.4.v201201131116,"org.eclipse.datatools.connectivity.sqm.core",1360694820838
started,bundle,org.eclipse.datatools.connectivity.sqm.core.ui,1.2.1.v20110926045,"org.eclipse.datatools.connectivity.sqm.core.ui",1360694820857
opened,view,org.eclipse.datatools.connectivity.ui.dse,1.1.4.v201107221459,"org.eclipse.datatools.connectivity.DataSourceExplorerNavigator",1360694821085
activated,view,org.eclipse.datatools.connectivity.ui.dse,1.1.4.v201107221459,"org.eclipse.datatools.connectivity.DataSourceExplorerNavigator",1360694821115
started,bundle,org.eclipse.datatools.connectivity.oda.design.ui,3.2.6.v201112151316,"org.eclipse.datatools.connectivity.oda.design.ui",1360694826670
started,bundle,org.eclipse.ltk.core.refactoring,3.5.201.r372_v20111101-0700,"org.eclipse.ltk.core.refactoring",1360694826817
started,bundle,org.eclipse.datatools.connectivity.oda.profile,3.2.7.v201112290953,"org.eclipse.datatools.connectivity.oda.profile",1360694828415
started,bundle,org.eclipse.datatools.enablement.ibm.db2.luw.ui,1.0.2.v201108130630,"org.eclipse.datatools.enablement.ibm.db2.luw.ui",1360694830243
deactivated,workbench,org.eclipse.ui.workbench,3.7.1.v20120104-1859,"",1360694830412
started,bundle,org.eclipse.datatools.connectivity.apache.derby.ui,1.0.3.v201107221459,"org.eclipse.datatools.connectivity.apache.derby.ui",1360694832891
started,bundle,org.eclipse.datatools.connectivity.apache.derby,1.0.102.v201107221459,"org.eclipse.datatools.connectivity.apache.derby",1360694836493
started,bundle,org.eclipse.datatools.enablement.msft.sqlserver,1.0.1.v201107221504,"org.eclipse.datatools.enablement.msft.sqlserver",1360694836563
started,bundle,org.eclipse.datatools.enablement.sqlite,1.0.0.v201002041100,"org.eclipse.datatools.enablement.sqlite",1360694836566
started,bundle,org.eclipse.datatools.enablement.sybase.asa,1.0.1.v201107221507,"org.eclipse.datatools.enablement.sybase.asa",1360694836617
started,bundle,org.eclipse.datatools.enablement.sybase.ase,1.0.2.v201201131122,"org.eclipse.datatools.enablement.sybase.ase",1360694836668
started,bundle,org.eclipse.datatools.connectivity.db.generic.ui,1.0.1.v201107221459,"org.eclipse.datatools.connectivity.db.generic.ui",1360694836728
started,bundle,org.eclipse.datatools.enablement.hsqldb.ui,1.0.0.v201108120600,"org.eclipse.datatools.enablement.hsqldb.ui",1360694836731
started,bundle,org.eclipse.datatools.enablement.ibm.ui,1.0.0.v201107221502,"org.eclipse.datatools.enablement.ibm.ui",1360694836772
started,bundle,org.eclipse.datatools.enablement.ibm.db2.iseries.ui,1.0.1.v201108130630,"org.eclipse.datatools.enablement.ibm.db2.iseries.ui",1360694836774
started,bundle,org.eclipse.datatools.enablement.ibm.db2.zseries.ui,1.0.1.v201108130630,"org.eclipse.datatools.enablement.ibm.db2.zseries.ui",1360694836791
started,bundle,org.eclipse.datatools.enablement.ibm.informix.ui,1.0.2.v201108130630,"org.eclipse.datatools.enablement.ibm.informix.ui",1360694836798
started,bundle,org.eclipse.datatools.enablement.msft.sqlserver.ui,1.0.2.v201201131118,"org.eclipse.datatools.enablement.msft.sqlserver.ui",1360694836805
started,bundle,org.eclipse.datatools.enablement.mysql.ui,1.0.0.v201109022331,"org.eclipse.datatools.enablement.mysql.ui",1360694836850
started,bundle,org.eclipse.datatools.enablement.oracle.ui,1.0.3.v201201131121,"org.eclipse.datatools.enablement.oracle.ui",1360694836852
started,bundle,org.eclipse.datatools.enablement.postgresql.ui,1.0.0.v201107221506,"org.eclipse.datatools.enablement.postgresql.ui",1360694836860
started,bundle,org.eclipse.datatools.enablement.sap.maxdb.ui,1.0.0.v201107221507,"org.eclipse.datatools.enablement.sap.maxdb.ui",1360694836863
started,bundle,org.eclipse.datatools.enablement.sqlite.ui,1.0.0.v201107221507,"org.eclipse.datatools.enablement.sqlite.ui",1360694836867
started,bundle,org.eclipse.datatools.enablement.sybase.asa.ui,1.0.1.v200906111204,"org.eclipse.datatools.enablement.sybase.asa.ui",1360694836876
started,bundle,org.eclipse.datatools.enablement.sybase.ase.ui,1.0.1.v200906020900,"org.eclipse.datatools.enablement.sybase.ase.ui",1360694836882
executed,command,org.eclipse.ui,3.7.0.v20110928-1505,"org.eclipse.ui.edit.copy",1360694844161
executed,command,org.eclipse.ui,3.7.0.v20110928-1505,"org.eclipse.ui.edit.paste",1360694845377
started,bundle,org.eclipse.datatools.modelbase.sql,1.0.5.v201110151330,"org.eclipse.datatools.modelbase.sql",1360694850957
error,log,,,"Could not connect to AWOS Derby.",1360694853479
activated,workbench,org.eclipse.ui.workbench,3.7.1.v20120104-1859,"",1360694853538
deactivated,workbench,org.eclipse.ui.workbench,3.7.1.v20120104-1859,"",1360694853734
started,bundle,org.eclipse.datatools.connectivity.sqm.server.ui,1.1.100.v201107221459,"org.eclipse.datatools.connectivity.sqm.server.ui",1360694853875
started,bundle,org.eclipse.datatools.enablement.ingres,1.0.0.v200906111150,"org.eclipse.datatools.enablement.ingres",1360694853920
started,bundle,org.eclipse.datatools.enablement.postgresql,1.1.0.v201110070445,"org.eclipse.datatools.enablement.postgresql",1360694853924
started,bundle,org.eclipse.datatools.enablement.sybase,1.0.1.v201107221507,"org.eclipse.datatools.enablement.sybase",1360694853927
activated,workbench,org.eclipse.ui.workbench,3.7.1.v20120104-1859,"",1360694855639
activated,view,org.eclipse.ui.navigator.resources,3.4.300.v20110928-1505,"org.eclipse.ui.navigator.ProjectExplorer",1360694856744
started,bundle,org.eclipse.wst.ws.service.policy.ui,1.0.300.v201108240515,"org.eclipse.wst.ws.service.policy.ui",1360694858761
started,bundle,org.eclipse.wst.ws.service.policy,1.0.303.v201009221810,"org.eclipse.wst.ws.service.policy",1360694858791
started,bundle,org.eclipse.wst.command.env,1.0.409.v201004211805,"org.eclipse.wst.command.env",1360694858908
started,bundle,org.eclipse.wst.ws,1.1.203.v201004211805,"org.eclipse.wst.ws",1360694858909
started,bundle,org.apache.derby.ui,1.1.3,"org.apache.derby.ui",1360694863202
started,bundle,org.eclipse.debug.ui,3.7.102.v20111129-1423_r372,"org.eclipse.debug.ui",1360694867708
started,bundle,org.eclipse.jdt.debug,3.7.1.v20111006_r372,"org.eclipse.jdt.debug",1360694867999
started,bundle,org.eclipse.core.variables,3.2.500.v20110928-1503,"org.eclipse.core.variables",1360694868165
started,bundle,org.eclipse.jdt.debug.ui,3.6.1.v20111006_r372,"org.eclipse.jdt.debug.ui",1360694868784
deactivated,workbench,org.eclipse.ui.workbench,3.7.1.v20120104-1859,"",1360694868859
activated,workbench,org.eclipse.ui.workbench,3.7.1.v20120104-1859,"",1360694870204
opened,view,org.eclipse.ui.console,3.5.100.v20111007_r372,"org.eclipse.ui.console.ConsoleView",1360694871180
activated,view,org.eclipse.ui.console,3.5.100.v20111007_r372,"org.eclipse.ui.console.ConsoleView",1360694872051
activated,view,org.eclipse.datatools.connectivity.ui.dse,1.1.4.v201107221459,"org.eclipse.datatools.connectivity.DataSourceExplorerNavigator",1360694873914
deactivated,workbench,org.eclipse.ui.workbench,3.7.1.v20120104-1859,"",1360694876510
started,bundle,org.eclipse.datatools.enablement.ibm.db2.iseries,1.0.2.v201107221502,"org.eclipse.datatools.enablement.ibm.db2.iseries",1360694891216
started,bundle,org.eclipse.datatools.enablement.ibm.db2.luw,1.0.2.v201107221502,"org.eclipse.datatools.enablement.ibm.db2.luw",1360694891221
activated,workbench,org.eclipse.ui.workbench,3.7.1.v20120104-1859,"",1360694891222
started,bundle,org.eclipse.datatools.enablement.ibm.db2.zseries,1.0.2.v201107221502,"org.eclipse.datatools.enablement.ibm.db2.zseries",1360694891224
started,bundle,org.eclipse.datatools.enablement.sybase.ase.models,1.0.1.v201010140307,"org.eclipse.datatools.enablement.sybase.ase.models",1360694891844
started,bundle,org.eclipse.datatools.enablement.sybase.asa.models,1.0.0.v201107221507,"org.eclipse.datatools.enablement.sybase.asa.models",1360694891872
activated,view,org.eclipse.wst.server.ui,1.3.0.v20120210_1439,"org.eclipse.wst.server.ui.ServersView",1360694893501
=======
activated,perspective,org.eclipse.jst.j2ee.ui,,"org.eclipse.jst.j2ee.J2EEPerspective",1360703939479
started,bundle,org.eclipse.osgi,3.7.2.v20120110-1415,"org.eclipse.osgi",1360703939479
started,bundle,org.eclipse.equinox.simpleconfigurator,1.0.200.v20110815-1438,"org.eclipse.equinox.simpleconfigurator",1360703939480
started,bundle,com.ibm.icu,4.4.2.v20110823,"com.ibm.icu",1360703939480
started,bundle,org.eclipse.core.contenttype,3.4.100.v20110423-0524,"org.eclipse.core.contenttype",1360703939480
started,bundle,org.eclipse.core.databinding.observable,1.4.0.I20110222-0800,"org.eclipse.core.databinding.observable",1360703939481
started,bundle,org.eclipse.core.expressions,3.4.300.v20110228,"org.eclipse.core.expressions",1360703939481
started,bundle,org.eclipse.core.filebuffers,3.5.200.v20110928-1504,"org.eclipse.core.filebuffers",1360703939482
started,bundle,org.eclipse.core.filesystem,1.3.100.v20110423-0524,"org.eclipse.core.filesystem",1360703939482
started,bundle,org.eclipse.core.jobs,3.5.101.v20120113-1953,"org.eclipse.core.jobs",1360703939482
started,bundle,org.eclipse.core.net,1.2.100.I20110511-0800,"org.eclipse.core.net",1360703939483
started,bundle,org.eclipse.core.resources,3.7.101.v20120125-1505,"org.eclipse.core.resources",1360703939483
started,bundle,org.eclipse.core.runtime,3.7.0.v20110110,"org.eclipse.core.runtime",1360703939484
started,bundle,org.eclipse.core.runtime.compatibility,3.2.100.v20100505,"org.eclipse.core.runtime.compatibility",1360703939484
started,bundle,org.eclipse.core.runtime.compatibility.auth,3.2.200.v20110110,"org.eclipse.core.runtime.compatibility.auth",1360703939485
started,bundle,org.eclipse.emf.common,2.7.0.v20120127-1122,"org.eclipse.emf.common",1360703939485
started,bundle,org.eclipse.emf.common.ui,2.7.0.v20120130-0943,"org.eclipse.emf.common.ui",1360703939485
started,bundle,org.eclipse.emf.ecore,2.7.0.v20120127-1122,"org.eclipse.emf.ecore",1360703939485
started,bundle,org.eclipse.emf.ecore.xmi,2.7.0.v20120127-1122,"org.eclipse.emf.ecore.xmi",1360703939485
started,bundle,org.eclipse.emf.edit,2.7.2.v20120130-0943,"org.eclipse.emf.edit",1360703939485
started,bundle,org.eclipse.emf.edit.ui,2.7.0.v20120130-0943,"org.eclipse.emf.edit.ui",1360703939485
started,bundle,org.eclipse.epp.mpc.ui,1.1.1.I20110907-0947,"org.eclipse.epp.mpc.ui",1360703939485
started,bundle,org.eclipse.epp.usagedata.gathering,1.3.1.R201106061540,"org.eclipse.epp.usagedata.gathering",1360703939486
started,bundle,org.eclipse.epp.usagedata.recording,1.3.1.R201106061540,"org.eclipse.epp.usagedata.recording",1360703939486
started,bundle,org.eclipse.equinox.app,1.3.100.v20110321,"org.eclipse.equinox.app",1360703939486
started,bundle,org.eclipse.equinox.common,3.6.0.v20110523,"org.eclipse.equinox.common",1360703939487
started,bundle,org.eclipse.equinox.ds,1.3.1.R37x_v20110701,"org.eclipse.equinox.ds",1360703939487
started,bundle,org.eclipse.equinox.event,1.2.100.v20110502,"org.eclipse.equinox.event",1360703939488
started,bundle,org.eclipse.equinox.p2.core,2.1.1.v20120113-1346,"org.eclipse.equinox.p2.core",1360703939488
started,bundle,org.eclipse.equinox.p2.directorywatcher,1.0.300.v20110815-1419,"org.eclipse.equinox.p2.directorywatcher",1360703939489
started,bundle,org.eclipse.equinox.p2.engine,2.1.1.R37x_v20111003,"org.eclipse.equinox.p2.engine",1360703939489
started,bundle,org.eclipse.equinox.p2.metadata,2.1.0.v20110815-1419,"org.eclipse.equinox.p2.metadata",1360703939490
started,bundle,org.eclipse.equinox.p2.metadata.repository,1.2.0.v20110815-1419,"org.eclipse.equinox.p2.metadata.repository",1360703939490
started,bundle,org.eclipse.equinox.p2.operations,2.1.1.R37x_v20111111,"org.eclipse.equinox.p2.operations",1360703939491
started,bundle,org.eclipse.equinox.p2.reconciler.dropins,1.1.100.v20110815-1419,"org.eclipse.equinox.p2.reconciler.dropins",1360703939491
started,bundle,org.eclipse.equinox.p2.repository,2.1.1.v20120113-1346,"org.eclipse.equinox.p2.repository",1360703939492
started,bundle,org.eclipse.equinox.p2.ui.sdk.scheduler,1.0.100.v20110815-1419,"org.eclipse.equinox.p2.ui.sdk.scheduler",1360703939492
started,bundle,org.eclipse.equinox.p2.updatechecker,1.1.200.v20110815-1419,"org.eclipse.equinox.p2.updatechecker",1360703939493
started,bundle,org.eclipse.equinox.preferences,3.4.2.v20120111-2020,"org.eclipse.equinox.preferences",1360703939493
started,bundle,org.eclipse.equinox.registry,3.5.101.R37x_v20110810-1611,"org.eclipse.equinox.registry",1360703939494
started,bundle,org.eclipse.equinox.security,1.1.1.R37x_v20110822-1018,"org.eclipse.equinox.security",1360703939494
started,bundle,org.eclipse.equinox.util,1.0.300.v20110502,"org.eclipse.equinox.util",1360703939495
started,bundle,org.eclipse.help,3.5.100.v20110426,"org.eclipse.help",1360703939495
started,bundle,org.eclipse.jdt.core,3.7.3.v20120119-1537,"org.eclipse.jdt.core",1360703939495
started,bundle,org.eclipse.jdt.core.manipulation,1.4.0.v20110928-1453,"org.eclipse.jdt.core.manipulation",1360703939496
started,bundle,org.eclipse.jdt.ui,3.7.2.v20120109-1427,"org.eclipse.jdt.ui",1360703939497
started,bundle,org.eclipse.jem.util,2.1.100.v201103021400,"org.eclipse.jem.util",1360703939498
started,bundle,org.eclipse.jface,3.7.0.v20110928-1505,"org.eclipse.jface",1360703939498
started,bundle,org.eclipse.jsch.core,1.1.300.I20110514-0800,"org.eclipse.jsch.core",1360703939499
started,bundle,org.eclipse.jst.j2ee.ui,1.1.503.v201201190400,"org.eclipse.jst.j2ee.ui",1360703939499
started,bundle,org.eclipse.jst.j2ee.webservice,1.1.400.v201004110600,"org.eclipse.jst.j2ee.webservice",1360703939500
started,bundle,org.eclipse.jst.j2ee.webservice.ui,1.1.500.v201105122000,"org.eclipse.jst.j2ee.webservice.ui",1360703939500
started,bundle,org.eclipse.jst.ws.jaxws.utils,1.0.100.v201201031437,"org.eclipse.jst.ws.jaxws.utils",1360703939501
started,bundle,org.eclipse.mylyn.bugzilla.core,3.6.5.v20120123-0100,"org.eclipse.mylyn.bugzilla.core",1360703939501
started,bundle,org.eclipse.mylyn.bugzilla.ui,3.6.0.v20110608-1400,"org.eclipse.mylyn.bugzilla.ui",1360703939501
started,bundle,org.eclipse.mylyn.commons.identity,0.8.0.v20110608-1400,"org.eclipse.mylyn.commons.identity",1360703939502
started,bundle,org.eclipse.mylyn.commons.net,3.6.0.v20110608-1400,"org.eclipse.mylyn.commons.net",1360703939502
started,bundle,org.eclipse.mylyn.commons.ui,3.6.1.v20110720-0100,"org.eclipse.mylyn.commons.ui",1360703939502
started,bundle,org.eclipse.mylyn.context.core,3.6.1.v20110720-0100,"org.eclipse.mylyn.context.core",1360703939502
started,bundle,org.eclipse.mylyn.context.ui,3.6.1.v20120112-0100,"org.eclipse.mylyn.context.ui",1360703939503
started,bundle,org.eclipse.mylyn.monitor.ui,3.6.0.v20110608-1400,"org.eclipse.mylyn.monitor.ui",1360703939503
started,bundle,org.eclipse.mylyn.tasks.ui,3.6.5.v20120215-0100,"org.eclipse.mylyn.tasks.ui",1360703939504
started,bundle,org.eclipse.mylyn.team.ui,3.6.1.v20110825-0100,"org.eclipse.mylyn.team.ui",1360703939504
started,bundle,org.eclipse.search,3.7.0.v20110928-1504,"org.eclipse.search",1360703939504
started,bundle,org.eclipse.team.core,3.6.0.I20110525-0800,"org.eclipse.team.core",1360703939505
started,bundle,org.eclipse.team.cvs.core,3.3.400.I20110510-0800,"org.eclipse.team.cvs.core",1360703939505
started,bundle,org.eclipse.team.cvs.ui,3.3.401.v20120126-1227,"org.eclipse.team.cvs.ui",1360703939506
started,bundle,org.eclipse.team.ui,3.6.101.R37x_v20111109-0800,"org.eclipse.team.ui",1360703939506
started,bundle,org.eclipse.ui,3.7.0.v20110928-1505,"org.eclipse.ui",1360703939507
started,bundle,org.eclipse.ui.console,3.5.100.v20111007_r372,"org.eclipse.ui.console",1360703939507
started,bundle,org.eclipse.ui.editors,3.7.0.v20110928-1504,"org.eclipse.ui.editors",1360703939508
started,bundle,org.eclipse.ui.forms,3.5.101.v20111011-1919,"org.eclipse.ui.forms",1360703939508
started,bundle,org.eclipse.ui.ide,3.7.0.v20110928-1505,"org.eclipse.ui.ide",1360703939509
started,bundle,org.eclipse.ui.intro,3.4.100.v20110425,"org.eclipse.ui.intro",1360703939509
started,bundle,org.eclipse.ui.intro.universal,3.2.500.v20110510,"org.eclipse.ui.intro.universal",1360703939509
started,bundle,org.eclipse.ui.navigator,3.5.101.v20120106-1355,"org.eclipse.ui.navigator",1360703939509
started,bundle,org.eclipse.ui.navigator.resources,3.4.300.v20110928-1505,"org.eclipse.ui.navigator.resources",1360703939510
started,bundle,org.eclipse.ui.net,1.2.100.v20111208-1155,"org.eclipse.ui.net",1360703939510
started,bundle,org.eclipse.ui.views,3.6.0.v20110928-1505,"org.eclipse.ui.views",1360703939510
started,bundle,org.eclipse.ui.workbench,3.7.1.v20120104-1859,"org.eclipse.ui.workbench",1360703939511
started,bundle,org.eclipse.ui.workbench.texteditor,3.7.0.v20110928-1504,"org.eclipse.ui.workbench.texteditor",1360703939511
started,bundle,org.eclipse.update.configurator,3.3.100.v20100512,"org.eclipse.update.configurator",1360703939512
started,bundle,org.eclipse.update.core,3.2.500.v20110330,"org.eclipse.update.core",1360703939512
started,bundle,org.eclipse.update.scheduler,3.2.300.v20100512,"org.eclipse.update.scheduler",1360703939513
started,bundle,org.eclipse.wst.common.emf,1.2.100.v201101101900,"org.eclipse.wst.common.emf",1360703939513
started,bundle,org.eclipse.wst.common.emfworkbench.integration,1.2.101.v201107140600,"org.eclipse.wst.common.emfworkbench.integration",1360703939513
started,bundle,org.eclipse.wst.common.frameworks,1.2.102.v201201190400,"org.eclipse.wst.common.frameworks",1360703939514
started,bundle,org.eclipse.wst.common.project.facet.core,1.4.201.v201201101553,"org.eclipse.wst.common.project.facet.core",1360703939514
started,bundle,org.eclipse.wst.web,1.1.501.v201201190400,"org.eclipse.wst.web",1360703939514
os,sysinfo,,,"win32",1360703939517
arch,sysinfo,,,"x86_64",1360703939517
ws,sysinfo,,,"win32",1360703939517
locale,sysinfo,,,"fr_FR",1360703939517
processors,sysinfo,,,"4",1360703939517
java.runtime.name,sysinfo,,,"Java(TM) SE Runtime Environment",1360703939517
java.runtime.version,sysinfo,,,"1.7.0_10-b18",1360703939517
java.specification.name,sysinfo,,,"Java Platform API Specification",1360703939517
java.specification.vendor,sysinfo,,,"Oracle Corporation",1360703939517
java.specification.version,sysinfo,,,"1.7",1360703939517
java.vendor,sysinfo,,,"Oracle Corporation",1360703939517
java.version,sysinfo,,,"1.7.0_10",1360703939517
java.vm.info,sysinfo,,,"mixed mode",1360703939517
java.vm.name,sysinfo,,,"Java HotSpot(TM) 64-Bit Server VM",1360703939517
java.vm.specification.name,sysinfo,,,"Java Virtual Machine Specification",1360703939517
java.vm.specification.vendor,sysinfo,,,"Oracle Corporation",1360703939517
java.vm.specification.version,sysinfo,,,"1.7",1360703939517
java.vm.vendor,sysinfo,,,"Oracle Corporation",1360703939517
java.vm.version,sysinfo,,,"23.6-b04",1360703939517
activated,view,org.eclipse.ui.navigator.resources,3.4.300.v20110928-1505,"org.eclipse.ui.navigator.ProjectExplorer",1360704319787
activated,view,org.eclipse.ui.navigator.resources,3.4.300.v20110928-1505,"org.eclipse.ui.navigator.ProjectExplorer",1360704319793
closed,view,org.eclipse.ui,3.7.0.v20110928-1505,"org.eclipse.ui.internal.introview",1360704319806
deactivated,workbench,org.eclipse.ui.workbench,3.7.1.v20120104-1859,"",1360704322546
started,bundle,org.eclipse.wst.common.frameworks.ui,1.2.100.v201105122000,"org.eclipse.wst.common.frameworks.ui",1360704327304
started,bundle,org.eclipse.jst.servlet.ui,1.1.502.v201202011054,"org.eclipse.jst.servlet.ui",1360704327305
started,bundle,org.eclipse.wst.common.environment,1.0.400.v200912181832,"org.eclipse.wst.common.environment",1360704327305
started,bundle,org.eclipse.wst.common.core,1.2.0.v200908252030,"org.eclipse.wst.common.core",1360704327336
started,bundle,org.eclipse.wst.common.modulecore,1.2.103.v201201190400,"org.eclipse.wst.common.modulecore",1360704327338
started,bundle,org.eclipse.jst.j2ee.core,1.2.102.v201202090300,"org.eclipse.jst.j2ee.core",1360704327341
started,bundle,org.eclipse.jem,2.0.501.v201111030500,"org.eclipse.jem",1360704327348
started,bundle,org.eclipse.wst.xml.core,1.1.602.v201201091944,"org.eclipse.wst.xml.core",1360704327359
started,bundle,org.eclipse.wst.validation,1.2.303.v201202090300,"org.eclipse.wst.validation",1360704327365
started,bundle,org.eclipse.jst.j2ee,1.1.503.v201202090300,"org.eclipse.jst.j2ee",1360704327377
started,bundle,org.eclipse.jst.j2ee.web,1.1.502.v201202090300,"org.eclipse.jst.j2ee.web",1360704327383
started,bundle,org.eclipse.jst.common.project.facet.core,1.4.200.v201103170302,"org.eclipse.jst.common.project.facet.core",1360704327413
started,bundle,org.eclipse.jst.ws.jaxrs.core,1.0.301.v201108240656,"org.eclipse.jst.ws.jaxrs.core",1360704327414
started,bundle,org.eclipse.wst.server.core,1.1.304.v20120208_1420,"org.eclipse.wst.server.core",1360704327438
started,bundle,org.eclipse.wst.server.ui,1.3.0.v20120210_1439,"org.eclipse.wst.server.ui",1360704327456
started,bundle,org.eclipse.debug.core,3.7.1.v20111129-2031,"org.eclipse.debug.core",1360704327473
started,bundle,org.eclipse.jdt.launching,3.6.1.v20111006_r372,"org.eclipse.jdt.launching",1360704327484
started,bundle,org.eclipse.jst.common.frameworks,1.1.501.v201201190400,"org.eclipse.jst.common.frameworks",1360704327747
started,bundle,org.eclipse.wst.web.ui,1.1.500.v201111030500,"org.eclipse.wst.web.ui",1360704327800
started,bundle,org.eclipse.jem.workbench,2.0.400.v201104251400,"org.eclipse.jem.workbench",1360704347389
started,bundle,org.eclipse.wst.sse.core,1.1.602.v201112071516,"org.eclipse.wst.sse.core",1360704347577
started,bundle,org.eclipse.jst.jee,1.0.402.v201202021530,"org.eclipse.jst.jee",1360704347656
started,bundle,org.eclipse.jpt.common.core,1.0.2.v201111103010,"org.eclipse.jpt.common.core",1360704347671
started,bundle,org.eclipse.jpt.jpa.core,3.0.2.v201201243020,"org.eclipse.jpt.jpa.core",1360704347671
started,bundle,org.eclipse.wst.common.uriresolver,1.1.401.v201004280700,"org.eclipse.wst.common.uriresolver",1360704347728
started,bundle,org.eclipse.wst.xsl.core,1.1.100.v201102270516,"org.eclipse.wst.xsl.core",1360704347774
started,bundle,org.eclipse.wst.xsl.exslt.core,1.0.0.v201005240426,"org.eclipse.wst.xsl.exslt.core",1360704347775
started,bundle,org.eclipse.wst.dtd.core,1.1.501.v201107252021,"org.eclipse.wst.dtd.core",1360704347838
started,bundle,org.eclipse.wst.internet.cache,1.0.400.v201004280700,"org.eclipse.wst.internet.cache",1360704347867
started,bundle,org.eclipse.wst.xsd.core,1.1.600.v201104070312,"org.eclipse.wst.xsd.core",1360704347893
started,bundle,org.eclipse.xsd,2.7.1.v20120130-0943,"org.eclipse.xsd",1360704347899
started,bundle,org.eclipse.wst.jsdt.core,1.1.102.v201111090634,"org.eclipse.wst.jsdt.core",1360704348491
activated,workbench,org.eclipse.ui.workbench,3.7.1.v20120104-1859,"",1360704350292
executed,command,org.eclipse.ui,3.7.0.v20110928-1505,"org.eclipse.ui.file.import",1360704350298
started,bundle,org.eclipse.wst.common.ui,1.1.500.v200911190730,"org.eclipse.wst.common.ui",1360704350624
started,bundle,org.eclipse.jst.jee.ui,1.0.401.v201202011107,"org.eclipse.jst.jee.ui",1360704350626
started,bundle,org.eclipse.jst.j2ee.navigator.ui,1.1.501.v201107261503,"org.eclipse.jst.j2ee.navigator.ui",1360704350627
started,bundle,org.eclipse.wst.jsdt.manipulation,1.0.300.v201104272153,"org.eclipse.wst.jsdt.manipulation",1360704350677
started,bundle,org.eclipse.wst.jsdt.ui,1.1.102.v201201131900,"org.eclipse.wst.jsdt.ui",1360704350678
started,bundle,org.eclipse.jst.jsp.core,1.2.402.v201112071853,"org.eclipse.jst.jsp.core",1360704352832
started,bundle,org.eclipse.jst.server.core,1.2.202.v20110419,"org.eclipse.jst.server.core",1360704354955
started,bundle,org.eclipse.wst.ws.service.policy.ui,1.0.300.v201108240515,"org.eclipse.wst.ws.service.policy.ui",1360704354970
started,bundle,org.eclipse.wst.ws.service.policy,1.0.303.v201009221810,"org.eclipse.wst.ws.service.policy",1360704354971
started,bundle,org.eclipse.wst.command.env,1.0.409.v201004211805,"org.eclipse.wst.command.env",1360704354977
started,bundle,org.eclipse.wst.ws,1.1.203.v201004211805,"org.eclipse.wst.ws",1360704354978
started,bundle,org.eclipse.compare.core,3.5.200.I20110208-0800,"org.eclipse.compare.core",1360704355090
started,bundle,org.eclipse.compare,3.5.202.R37x_v20111109-0800,"org.eclipse.compare",1360704355091
error,log,,,"Problems occurred when invoking code from plug-in: ""org.eclipse.core.resources"".",1360704355189
started,bundle,org.eclipse.wst.css.core,1.1.501.v201111292150,"org.eclipse.wst.css.core",1360704355220
started,bundle,org.eclipse.wst.html.core,1.1.502.v201202091936,"org.eclipse.wst.html.core",1360704355783
started,bundle,org.eclipse.wst.sse.ui,1.3.2.v201201041522,"org.eclipse.wst.sse.ui",1360704356092
started,bundle,org.eclipse.wst.html.ui,1.0.602.v201202091936,"org.eclipse.wst.html.ui",1360704356092
started,bundle,org.eclipse.jst.jsf.common,1.2.3.v201104061039,"org.eclipse.jst.jsf.common",1360704356114
started,bundle,org.eclipse.jst.jsf.core,1.3.105.v201108261005,"org.eclipse.jst.jsf.core",1360704356120
started,bundle,org.eclipse.wst.wsdl.validation,1.1.502.v201104071820,"org.eclipse.wst.wsdl.validation",1360704356134
started,bundle,org.eclipse.pde.core,3.7.1.v20120103_r372,"org.eclipse.pde.core",1360704356202
started,bundle,org.apache.derby.ui,1.1.3,"org.apache.derby.ui",1360704357999
started,bundle,org.eclipse.jst.ws.jaxws.dom.integration,1.0.101.v201201031437,"org.eclipse.jst.ws.jaxws.dom.integration",1360704361156
started,bundle,org.eclipse.jst.ws.jaxws.dom.ui,1.0.0.v201004171919,"org.eclipse.jst.ws.jaxws.dom.ui",1360704361162
deactivated,workbench,org.eclipse.ui.workbench,3.7.1.v20120104-1859,"",1360704366641
started,bundle,org.eclipse.wst.common.project.facet.ui,1.4.201.v201201101553,"org.eclipse.wst.common.project.facet.ui",1360704369088
activated,workbench,org.eclipse.ui.workbench,3.7.1.v20120104-1859,"",1360704373166
executed,command,org.eclipse.ui,3.7.0.v20110928-1505,"org.eclipse.ui.file.properties",1360704373173
error,log,,,"Problems occurred when invoking code from plug-in: ""org.eclipse.core.resources"".",1360704374142
started,bundle,org.eclipse.jdt.apt.core,3.3.500.v20110420-1015,"org.eclipse.jdt.apt.core",1360704374147
started,bundle,org.eclipse.jdt.apt.pluggable.core,1.0.400.v20110305-1450,"org.eclipse.jdt.apt.pluggable.core",1360704374150
error,log,,,"Errors occurred during the build.",1360704374371
deactivated,workbench,org.eclipse.ui.workbench,3.7.1.v20120104-1859,"",1360704374388
activated,workbench,org.eclipse.ui.workbench,3.7.1.v20120104-1859,"",1360704375898
error,log,,,"Problems occurred when invoking code from plug-in: ""org.eclipse.core.resources"".",1360704378405
error,log,,,"Errors occurred during the build.",1360704378411
deactivated,workbench,org.eclipse.ui.workbench,3.7.1.v20120104-1859,"",1360704378417
activated,workbench,org.eclipse.ui.workbench,3.7.1.v20120104-1859,"",1360704378459
deactivated,workbench,org.eclipse.ui.workbench,3.7.1.v20120104-1859,"",1360704379556
activated,workbench,org.eclipse.ui.workbench,3.7.1.v20120104-1859,"",1360704379976
deactivated,workbench,org.eclipse.ui.workbench,3.7.1.v20120104-1859,"",1360704383025
started,bundle,org.eclipse.ui.externaltools,3.2.0.v20111007_r372,"org.eclipse.ui.externaltools",1360704385449
started,bundle,org.eclipse.debug.ui,3.7.102.v20111129-1423_r372,"org.eclipse.debug.ui",1360704385494
started,bundle,org.eclipse.core.externaltools,1.0.100.v20111007_r372,"org.eclipse.core.externaltools",1360704385513
activated,workbench,org.eclipse.ui.workbench,3.7.1.v20120104-1859,"",1360704389476
executed,command,org.eclipse.ui,3.7.0.v20110928-1505,"org.eclipse.ui.file.properties",1360704389484
executed,command,org.eclipse.ui,3.7.0.v20110928-1505,"org.eclipse.ui.file.refresh",1360704394858
opened,view,org.eclipse.wst.server.ui,1.3.0.v20120210_1439,"org.eclipse.wst.server.ui.ServersView",1360704396568
activated,view,org.eclipse.wst.server.ui,1.3.0.v20120210_1439,"org.eclipse.wst.server.ui.ServersView",1360704396578
deactivated,workbench,org.eclipse.ui.workbench,3.7.1.v20120104-1859,"",1360704397559
started,bundle,org.eclipse.wst.server.preview.adapter,1.1.0.v20090311b,"org.eclipse.wst.server.preview.adapter",1360704397593
started,bundle,org.eclipse.jst.server.tomcat.core,1.1.301.v20111010_1242,"org.eclipse.jst.server.tomcat.core",1360704404381
started,bundle,org.eclipse.jst.server.tomcat.ui,1.1.200.v20100418,"org.eclipse.jst.server.tomcat.ui",1360704404395
started,bundle,org.eclipse.equinox.p2.garbagecollector,1.0.200.v20110815-1419,"org.eclipse.equinox.p2.garbagecollector",1360704418049
activated,workbench,org.eclipse.ui.workbench,3.7.1.v20120104-1859,"",1360704418063
activated,view,org.eclipse.ui.navigator.resources,3.4.300.v20110928-1505,"org.eclipse.ui.navigator.ProjectExplorer",1360704420312
started,bundle,org.eclipse.jdt.debug,3.7.1.v20111006_r372,"org.eclipse.jdt.debug",1360704423055
started,bundle,org.eclipse.core.variables,3.2.500.v20110928-1503,"org.eclipse.core.variables",1360704423063
started,bundle,org.eclipse.jdt.debug.ui,3.6.1.v20111006_r372,"org.eclipse.jdt.debug.ui",1360704423134
deactivated,workbench,org.eclipse.ui.workbench,3.7.1.v20120104-1859,"",1360704423155
opened,view,org.eclipse.ui.console,3.5.100.v20111007_r372,"org.eclipse.ui.console.ConsoleView",1360704423548
activated,workbench,org.eclipse.ui.workbench,3.7.1.v20120104-1859,"",1360704424365
started,bundle,org.eclipse.datatools.connectivity,1.2.4.v201202041105,"org.eclipse.datatools.connectivity",1360704425301
started,bundle,org.eclipse.datatools.connectivity.ui,1.2.2.v201111190813,"org.eclipse.datatools.connectivity.ui",1360704425302
started,bundle,org.eclipse.datatools.connectivity.ui.dse,1.1.4.v201107221459,"org.eclipse.datatools.connectivity.ui.dse",1360704425302
started,bundle,org.eclipse.datatools.enablement.ingres.ui,1.0.0.v201105270214,"org.eclipse.datatools.enablement.ingres.ui",1360704425319
started,bundle,org.eclipse.datatools.connectivity.sqm.core,1.2.4.v201201131116,"org.eclipse.datatools.connectivity.sqm.core",1360704425482
started,bundle,org.eclipse.datatools.connectivity.sqm.core.ui,1.2.1.v20110926045,"org.eclipse.datatools.connectivity.sqm.core.ui",1360704425486
opened,view,org.eclipse.datatools.connectivity.ui.dse,1.1.4.v201107221459,"org.eclipse.datatools.connectivity.DataSourceExplorerNavigator",1360704425502
activated,view,org.eclipse.datatools.connectivity.ui.dse,1.1.4.v201107221459,"org.eclipse.datatools.connectivity.DataSourceExplorerNavigator",1360704425515
started,bundle,org.eclipse.datatools.connectivity.oda.design.ui,3.2.6.v201112151316,"org.eclipse.datatools.connectivity.oda.design.ui",1360704430353
started,bundle,org.eclipse.ltk.core.refactoring,3.5.201.r372_v20111101-0700,"org.eclipse.ltk.core.refactoring",1360704430370
started,bundle,org.eclipse.datatools.connectivity.oda.profile,3.2.7.v201112290953,"org.eclipse.datatools.connectivity.oda.profile",1360704431137
started,bundle,org.eclipse.datatools.enablement.ibm.db2.luw.ui,1.0.2.v201108130630,"org.eclipse.datatools.enablement.ibm.db2.luw.ui",1360704431182
deactivated,workbench,org.eclipse.ui.workbench,3.7.1.v20120104-1859,"",1360704431193
started,bundle,org.eclipse.datatools.connectivity.apache.derby.ui,1.0.3.v201107221459,"org.eclipse.datatools.connectivity.apache.derby.ui",1360704434271
started,bundle,org.eclipse.datatools.connectivity.apache.derby,1.0.102.v201107221459,"org.eclipse.datatools.connectivity.apache.derby",1360704439099
started,bundle,org.eclipse.datatools.enablement.msft.sqlserver,1.0.1.v201107221504,"org.eclipse.datatools.enablement.msft.sqlserver",1360704439136
started,bundle,org.eclipse.datatools.enablement.sqlite,1.0.0.v201002041100,"org.eclipse.datatools.enablement.sqlite",1360704439138
started,bundle,org.eclipse.datatools.enablement.sybase.asa,1.0.1.v201107221507,"org.eclipse.datatools.enablement.sybase.asa",1360704439141
started,bundle,org.eclipse.datatools.enablement.sybase.ase,1.0.2.v201201131122,"org.eclipse.datatools.enablement.sybase.ase",1360704439144
started,bundle,org.eclipse.datatools.connectivity.db.generic.ui,1.0.1.v201107221459,"org.eclipse.datatools.connectivity.db.generic.ui",1360704439157
started,bundle,org.eclipse.datatools.enablement.hsqldb.ui,1.0.0.v201108120600,"org.eclipse.datatools.enablement.hsqldb.ui",1360704439158
started,bundle,org.eclipse.datatools.enablement.ibm.ui,1.0.0.v201107221502,"org.eclipse.datatools.enablement.ibm.ui",1360704439172
started,bundle,org.eclipse.datatools.enablement.ibm.db2.iseries.ui,1.0.1.v201108130630,"org.eclipse.datatools.enablement.ibm.db2.iseries.ui",1360704439172
started,bundle,org.eclipse.datatools.enablement.ibm.db2.zseries.ui,1.0.1.v201108130630,"org.eclipse.datatools.enablement.ibm.db2.zseries.ui",1360704439178
started,bundle,org.eclipse.datatools.enablement.ibm.informix.ui,1.0.2.v201108130630,"org.eclipse.datatools.enablement.ibm.informix.ui",1360704439180
started,bundle,org.eclipse.datatools.enablement.msft.sqlserver.ui,1.0.2.v201201131118,"org.eclipse.datatools.enablement.msft.sqlserver.ui",1360704439183
started,bundle,org.eclipse.datatools.enablement.mysql.ui,1.0.0.v201109022331,"org.eclipse.datatools.enablement.mysql.ui",1360704439187
started,bundle,org.eclipse.datatools.enablement.oracle.ui,1.0.3.v201201131121,"org.eclipse.datatools.enablement.oracle.ui",1360704439187
started,bundle,org.eclipse.datatools.enablement.postgresql.ui,1.0.0.v201107221506,"org.eclipse.datatools.enablement.postgresql.ui",1360704439190
started,bundle,org.eclipse.datatools.enablement.sap.maxdb.ui,1.0.0.v201107221507,"org.eclipse.datatools.enablement.sap.maxdb.ui",1360704439191
started,bundle,org.eclipse.datatools.enablement.sqlite.ui,1.0.0.v201107221507,"org.eclipse.datatools.enablement.sqlite.ui",1360704439192
started,bundle,org.eclipse.datatools.enablement.sybase.asa.ui,1.0.1.v200906111204,"org.eclipse.datatools.enablement.sybase.asa.ui",1360704439196
started,bundle,org.eclipse.datatools.enablement.sybase.ase.ui,1.0.1.v200906020900,"org.eclipse.datatools.enablement.sybase.ase.ui",1360704439198
started,bundle,org.eclipse.datatools.modelbase.sql,1.0.5.v201110151330,"org.eclipse.datatools.modelbase.sql",1360704470995
started,bundle,org.eclipse.datatools.enablement.ibm.db2.iseries,1.0.2.v201107221502,"org.eclipse.datatools.enablement.ibm.db2.iseries",1360704471779
started,bundle,org.eclipse.datatools.enablement.ibm.db2.luw,1.0.2.v201107221502,"org.eclipse.datatools.enablement.ibm.db2.luw",1360704471780
started,bundle,org.eclipse.datatools.enablement.ibm.db2.zseries,1.0.2.v201107221502,"org.eclipse.datatools.enablement.ibm.db2.zseries",1360704471781
started,bundle,org.eclipse.datatools.enablement.ingres,1.0.0.v200906111150,"org.eclipse.datatools.enablement.ingres",1360704471795
started,bundle,org.eclipse.datatools.enablement.postgresql,1.1.0.v201110070445,"org.eclipse.datatools.enablement.postgresql",1360704471796
started,bundle,org.eclipse.datatools.enablement.sybase,1.0.1.v201107221507,"org.eclipse.datatools.enablement.sybase",1360704471798
activated,workbench,org.eclipse.ui.workbench,3.7.1.v20120104-1859,"",1360704471908
>>>>>>> 92a665d8b44563417af6e764b60216951bb6d7b1
